<PAMDataset>
  <PAMRasterBand band="1">
    <Metadata>
      <MDI key="STATISTICS_APPROXIMATE">YES</MDI>
      <MDI key="STATISTICS_MAXIMUM">255</MDI>
      <MDI key="STATISTICS_MEAN">254.86188947381</MDI>
      <MDI key="STATISTICS_MINIMUM">189</MDI>
      <MDI key="STATISTICS_STDDEV">1.8596977140397</MDI>
      <MDI key="STATISTICS_VALID_PERCENT">7.223</MDI>
    </Metadata>
  </PAMRasterBand>
  <PAMRasterBand band="2">
    <Metadata>
      <MDI key="STATISTICS_APPROXIMATE">YES</MDI>
      <MDI key="STATISTICS_MAXIMUM">255</MDI>
      <MDI key="STATISTICS_MEAN">247.12622459338</MDI>
      <MDI key="STATISTICS_MINIMUM">0</MDI>
      <MDI key="STATISTICS_STDDEV">20.475389909887</MDI>
      <MDI key="STATISTICS_VALID_PERCENT">7.223</MDI>
    </Metadata>
  </PAMRasterBand>
  <PAMRasterBand band="3">
    <Metadata>
      <MDI key="STATISTICS_APPROXIMATE">YES</MDI>
      <MDI key="STATISTICS_MAXIMUM">178</MDI>
      <MDI key="STATISTICS_MEAN">166.43763131182</MDI>
      <MDI key="STATISTICS_MINIMUM">32</MDI>
      <MDI key="STATISTICS_STDDEV">22.654222403007</MDI>
      <MDI key="STATISTICS_VALID_PERCENT">7.223</MDI>
    </Metadata>
  </PAMRasterBand>
  <PAMRasterBand band="4">
    <Metadata>
      <MDI key="STATISTICS_APPROXIMATE">YES</MDI>
      <MDI key="STATISTICS_MINIMUM">0</MDI>
      <MDI key="STATISTICS_MAXIMUM">255</MDI>
      <MDI key="STATISTICS_MEAN">18.418532680282</MDI>
      <MDI key="STATISTICS_STDDEV">66.011237584045</MDI>
      <MDI key="STATISTICS_VALID_PERCENT">100</MDI>
    </Metadata>
  </PAMRasterBand>
</PAMDataset>
